1,đưa hàng không giống với quảng cáo
1,Hàng bị lỗi...Phớt lờ tin nhắn của khách hàng khi yêu cầu trả hàng lỗi.
1,hàng không đúng với mẫu hàng đã đặt .chất lượng rất kém .khách hàng không nên chọn shops này vì shop không có uy tín
1,đặt loại tốt giao loại thường ấm mỏng và xấu làm ăn vậy 1sao là ko oan tí nào.
1,hang rat de su dung  tien loi  Chất liệu inox cao cấp.
1,hàng kém chất lượng giao hàng bị bể nắp đậy
1,broken and low quality. I am angry.
1,quá tệ. ấm bị hư không nấu được. mua về không xài được.
1,ấm đung ko được shop ơi vào điện lên đèn nhưng ko làm nóng nước được
1,đèn sáng nhưng nước ko sôi.ko nóng gì luôn.đổi dùm shop ơi
1,Shop rất mất lịch sự. Mua về đèn sáng mà ko có nóng. Nt liện shop ko thèm trả lời giống như là lừa đảo được 1 khách hàng nên mừng wá đi ăn mừng rồi sao ấy. Các bạn đừng dại mà bị lừa giống mình nhé. Tiệm này nó lừa bán hàng ho lao đấy. Mình cố ý viết lên  để các bạn sau đỡ bị lừa giống mình.
1,Hàng vừa mở ra đã bị vỡ cả đế và đèn hôm qua mình đã gửi lại hàng và chụp lại biên lai của bưu điện nhưng gọi shop k thấy nghe máy nhắn zalo không trả lời gọi 3 cuộc không nghe.
1,hàng bị móp méo cả hai bên yêu cầu đổi lại
1,đã móp còn chảy nước..
1,kg biết nói sao khi giao sản phẩm này
1,Năp bị rời ra  đề nghị thay thế
1,giáo hàng không đúng đặt inox loại tốt giao loại thường chẳng ra làm sao...
1,Vỡ móm đèn báo sai chán hinh màu hồng dao mai xanh
1,Shop đóng gói kĩ giao hàng nhanh mà phần nắp bị bể gắn lỏng lẻo ko chặt được với bình đun
1,bình dùng rất tệ yêu cầu trả lại tiền hoặc đổi hàng mới mới giao hôm nay vừa thử đã không ăn điện.
1,bình ok nhưng gói không cẩn thận nên bị bể cái đích 1 ích nhưng vẩn sài dc. mùa dịch đang cần sài nếu k có dịch tôi sẽ đổi lại cái khác
1,giao hàng hơi kém chất lượng. bị bóp méo sản phẩm. mở ra thấy méo là chưa thích rồi. chưa thử ko biết có đun nước dc ko nữa
1,Mua loại tốt inox mà như loại thường dây điện mới dùng được mấy lần đã chảy nhựa.
1,móp méo ! chán
1,giao hang vay sau sai ha shop
1,bị bể đế ẩu quá. tui có chụp hình cho shop xem đó .tui là mối đó shop .AE  đừng mua ở LAZADA nha AE ..AE nhớ nha .  tui nhắc nhở AE đừng bao giờ mua đồ ở LAZADA nha anh em
1,bình  bị  móp  đề  nghị  trả  hàng
1,tại sao mua chỉ trong vòng 1thang mà sản phẩm không xài được hư không nhân nút để nấu sôi   âm này  không thể mua đc món hãy xem lại kỉ để bị lừa bán hàng không tốt
1,giáo hàng ko đủ
1,ấm mỏng với lại cái dây cắm nhỏ tý ạh.
1,giao hàng nhanh nhưng khi sử dụng công tắc bị nhảy liên tục. mình phải tốn thêm 30k để thay sau lần sử dụng đầu tiên. các bạn nên cân nhắc
1,ấm không nấu được. bật lên nó bị nhảy ngược lại.
1,hàng k xài đc
1,sp chất lượng
1,ấm bị hư nút ngắt tự độngsài rất hao điện
1,Giao k đúng hàng. Không đúng mẫu mã. Hàng bị đế điện và ấm hở. Không biết xài được bao lâu. Nói chung không hài lòng.
1,bể hư đủ thứ phải đem đi sửa
1,bình bị bể nhựa bên ngoài
1,sản phẩm quá tệ mua về không xài được luôn
1,mới dùng có hơn tuần lễ mà đã hư rồi không vô điện.
1,Tôi  vô cùng thất vọng khi nhận được hàng Đế bình mỏng manh   thớt đế thì còn tệ vô cùng tệ  Sử dụng bằng điện mà quá mong manh rất nguy hiểm   ai muốn mua thì hãy cân nhắc nhé
1,sản phẩm k đạt tiêu chuẩn nắp bình bị bể
1,hàng bị hỏng. lỗi . rớt nắp ra khỏi bình
1,Thất vọng thực sự  Hôm nay ngày 14 10 tôi đã nhận được đơn hàng sau bao ngày trong ngóng và lúc 17h30 khi man về text sau 5 phút 10 phút vẫn k thấy ấm có dấu hiệu sôi hau nóng gì mà chỉ thấy báo có đèn
1,mỏng
1,ấm giao bị hở phần đáy ấm. đun lâu sôi. rất tệ
1,giao hàng rất nhanh  nhưng ấm đã bik lỗi ko xài được
1,nhưa mỏng manh hàng như đồ chơi con nit
1,đóng gói vô trách nhiệm . hàng dùng đc đúng 3 hôm
1,giao hàng hư làm ăn cho gì không xài được
1,Hàng bị mốp
1,hàng quá tệ
1,Giao hàng tào lao điện cắm ko vô  nhắn tin shop ko thèm trả lời
1,hàng xài dc vài hôm đã hư
1,mới nhận được hàng mà nấu thử cái nút sôi ko bật làm thất vọng quá shop oi
1,hàng k tốt k nên mua mới mua về mà hư rồi k xài được
1,rất sai lầm khi mua cái ấm siêu tốc này ..mọi người không nên mua .. tôi đã bị lừa 1 chiếc .. cháy đèn mà không sôi nước . không thể sử dụng được... lừa đảo
1,mở hàng bị vỡ lắp dùng bị lỗi
1,Nhìn nhựa nút bấp bị vỡ và chất lượng kém ko thể dùng được.
1,Bán cái cục sắt chứ siêu tốc gì. Cắm có vô điện đâu mà nấu
1,Mua về bình bị chảy nước làm sao đổi đây cho 1sao
1,mới Sài đc mấy ngày đã bị hư rồi
1,âm quá tệ.chay nước ra ngoài
1,hàng bị hư
1,được
1,hàng không đúng với mẫu hàng đã đặt .chất lượng rất kém .khách hàng không nên chọn shops này vì shop không có uy tín
1,đặt loại tốt giao loại thường ấm mỏng và xấu làm ăn vậy 1sao là ko oan tí nào.
1,hang rat de su dung  tien loi  Chất liệu inox cao cấp.
1,đèn sáng nhưng nước ko sôi.ko nóng gì luôn.đổi dùm shop ơi
1,Mua loại tốt inox mà như loại thường dây điện mới dùng được mấy lần đã chảy nhựa.
1,giáo hàng ko đủ
1,Vừa rồi mua bình nấu nước thủy tinh  bây giờ mở ra thì bình bằng sắt..! Nắp đậy không được ! Quá tệ !
1,SHOP LỪA ĐẢO MỌI NGƯỜI KHÔNG NÊN MUA GIAO THIẾU HÀNG RỒI MẤT TÍCH KO LIÊN LẠC ĐƯỢC. SHOP LỪA ĐẢO
1,giao hàng kg đúng bên em nói là bình đun thủy tinh mà sao giao binh inox
1,mọi người đừng nên mua đồ shop này chuyên môn giao thiếu hàng cho khách rồi hỏi ko trả lời
1,Vừa rồi mua bình nấu nước thủy tinh  bây giờ mở ra thì bình bằng sắt..! Nắp đậy không được ! Quá tệ !
1,SHOP LỪA ĐẢO MỌI NGƯỜI KHÔNG NÊN MUA GIAO THIẾU HÀNG RỒI MẤT TÍCH KO LIÊN LẠC ĐƯỢC. SHOP LỪA ĐẢO
1,lựa đao mua 2 cái trả tiền trước giao có 1 cái sop này lừa đảo có 132.000ma cũng lừa mất dạy cầu cho may lãnh hậu quả nhe
1,giao hàng kg đúng bên em nói là bình đun thủy tinh mà sao giao binh inox
1,mọi người đừng nên mua đồ shop này chuyên môn giao thiếu hàng cho khách rồi hỏi ko trả lời
1,sản phẩm chất lượng rất tệ. Trầy xước tróc sơn nhiều chỗ và không phải là sơn tĩnh điện như shop quảng cáo. Mọi người cân nhắc trước khi mua
1,khong
1,bàn bị bập bênh hk nên mua
1,giao bàn chân gặp ghềnh mặt bàn thì nghiêng một bên. người ta mua cũng trả tiền mà. giao hàng lỗi như vậy sao mà dùng
1,sản phẩm bị hư hỏng bong tróc nhiều chỗ mất thẩm mỹ
1,bàn bị bập bênh hk nên mua
1,giao bàn chân gặp ghềnh mặt bàn thì nghiêng một bên. người ta mua cũng trả tiền mà. giao hàng lỗi như vậy sao mà dùng
1,sản phẩm bị hư hỏng bong tróc nhiều chỗ mất thẩm mỹ
1,Chất lượng  mua về không sử dụng được vì khi ủi những lổ dưới đấy bàn ủi xì nước ra thành giọt gây ước sản phẩm áo không sử dụng được vậy shop xem xét lại giúp ? Cảm ơn!
1,chất lượng chán lắm nước rơi bẩn cả áo  Chất lượng
1,Tính năng   Chất lượng   Đóng gói
1,đổ nước vào bị rò chảy ra phía ngoài rất nguy hiểm. hàng không chắc chắn như hàng giả
1,Hàng dỏm mới cắm thử chẩy nước tùm lum ủi được 3p thì chết ko sài được
1,Khui hợp full box mà sản phẩm bị trầy xước khá nặng nghi ngờ là hàng đổi trả hoặc cũ. SunHouse lớn mà kiểm tra hàng kiểu này thì thua
1,Mới nhận hàng chưa xài đổ nước vào thì bị rò nước chảy ướt hết đồ
1,Hàng kém chất lượng!
1,Hàng bị lỗi lúc ủi bị xước hết quần. Ib shop không phản hồi
1,Tệ kinh khủng cho chút nước vào chảy ròng ròng luôn thế này thà mua bàn là thường luôn cho rồi mua giá bàn là hơi nước mà dùng nha bàn là thường.
1,Ko tot ui do ma no cu dinh dinh lai ui may cai ao ma ca tieng moi het cai tay
1,Mình đã báo lỗi sản phẩm và trả lại rồi còn bị hoàn lại hàng chẳng khác nào ép khách hàng phải mua. thôi coi như vứt tiền qua cửa sổ
2,mua 1 loại ngoài trời mà gửi loại này là sao
2,Bị nứt 3 cái nguồn phần vỏ.
2,hàng không giống như mô tả. điện áp không ổn định
2,đưa hàng không giống với quảng cáo
2,nguồn không đủ cung cấp cho ban đem . buổi tối không thấy gì ngoài màu đen
2,Hàng bị lỗi...Phớt lờ tin nhắn của khách hàng khi yêu cầu trả hàng lỗi.
2,mình mua 5cái tốt và 5cái rẻ mà shop giao cho mình 10cái rẻ tiền. shop coi lại có đúng sản phẩm không shop mua bán vậy không tốt
2,Tốc độ đun nhanh chóng! Tính năng tự động tắt an toàn. Đế tiếp điện xoay 360 độ tiện lợi.
2,hình đăng màu hồng nên mới mua mà nhận cái bình đỏ lè nắp và đế không chắc chắn được cái nấu tiếng êm  không biết có bền không nựa T.T Update sau 2 tuần sử dụng   dùng được 2 tuần thì giờ nước nấu có mùi hôi nhựa chán thật sự
2,Bìn bị rò rỉ nước đã nhắn tin báo đổi hàng nhưng ko thấy shop trả lời
2,hàng kém chất lượng giao hàng bị bể nắp đậy
2,broken and low quality. I am angry.
2,Sản phẩm chất lượng không tốt. Mới nhận mà đế đã bị nứt. Vỏ hộp móp méo. Thận trọng trước khi mua
2,hàng móp méo
2,Parcel is damaged. The nose of the jug is bent.
2,quá tệ. ấm bị hư không nấu được. mua về không xài được.
2,ấm đung ko được shop ơi vào điện lên đèn nhưng ko làm nóng nước được
2,Shop rất mất lịch sự. Mua về đèn sáng mà ko có nóng. Nt liện shop ko thèm trả lời giống như là lừa đảo được 1 khách hàng nên mừng wá đi ăn mừng rồi sao ấy. Các bạn đừng dại mà bị lừa giống mình nhé. Tiệm này nó lừa bán hàng ho lao đấy. Mình cố ý viết lên  để các bạn sau đỡ bị lừa giống mình.
2,Hàng vừa mở ra đã bị vỡ cả đế và đèn hôm qua mình đã gửi lại hàng và chụp lại biên lai của bưu điện nhưng gọi shop k thấy nghe máy nhắn zalo không trả lời gọi 3 cuộc không nghe.
2,hàng bị móp méo cả hai bên yêu cầu đổi lại
2,đã móp còn chảy nước..
2,kg biết nói sao khi giao sản phẩm này
2,Năp bị rời ra  đề nghị thay thế
2,giáo hàng không đúng đặt inox loại tốt giao loại thường chẳng ra làm sao...
2,ấm mở nắp ra rơi nắpmùi hôi nhựa quá nồngbỏ thêm 60k vào siêu thị mua ấm mớimua xong nó quá tệ nên đã ghé siêu thị xemgiá trong đoz 159kấm ko mùicòn có tem mắc cty nữarút kinh nghiệm
2,Vỡ móm đèn báo sai chán hinh màu hồng dao mai xanh
2,Shop đóng gói kĩ giao hàng nhanh mà phần nắp bị bể gắn lỏng lẻo ko chặt được với bình đun
2,bình dùng rất tệ yêu cầu trả lại tiền hoặc đổi hàng mới mới giao hôm nay vừa thử đã không ăn điện.
2,Sản phẩm giá rẻ đun ít nước thì nấu được còn nhiều nước thì công tắc cứ nhảy trước khi nước sôi
2,bình ok nhưng gói không cẩn thận nên bị bể cái đích 1 ích nhưng vẩn sài dc. mùa dịch đang cần sài nếu k có dịch tôi sẽ đổi lại cái khác
2,Chỉ đèn đỏnước lạnh tanh!
2,giao hàng hơi kém chất lượng. bị bóp méo sản phẩm. mở ra thấy méo là chưa thích rồi. chưa thử ko biết có đun nước dc ko nữa
2,móp méo ! chán
2,giao hang vay sau sai ha shop
2,mong manh
2,bị bể đế ẩu quá. tui có chụp hình cho shop xem đó .tui là mối đó shop .AE  đừng mua ở LAZADA nha AE ..AE nhớ nha .  tui nhắc nhở AE đừng bao giờ mua đồ ở LAZADA nha anh em
2,bình  bị  móp  đề  nghị  trả  hàng
2,tại sao mua chỉ trong vòng 1thang mà sản phẩm không xài được hư không nhân nút để nấu sôi   âm này  không thể mua đc món hãy xem lại kỉ để bị lừa bán hàng không tốt
2,bình  bị mốt  méo .sao sài
2,Mua ngày 2 8   2 9 hư rồi. Giờ ko bít bảo hành sao luôn. Hix
2,Nhận hàng đúng như quảng cáođóng gói tệ quá ấm bị móp nhưng dùng được nữa tháng thì hỏng
2,Giao hàng ko đủ và đóng gói ko cẩn thận
2,Hàng không như hình. Giao hàng không nhãn mác. Nấu thử rờle không nhảy. Lỡ mua đành chịu!
2,ấm đợt này đích ấm bị bùn ra
2,gói hàng sơ Sài . sản phẩm bị móp
2,SP giao không đúng. Thân và đế không khớp nhau nên tiếp xúc điện kém. không bõ công đổi trả hàng.
2,Ấm có nhiều mùi nhựa. Đun nước bị mùi nhựa. Đúng là của rẻ là của ôi
2,1  giao âm bị móp nhưng ko sau tạm chấp nhận.           2  nấu nước nghe mùi nhựa kinh khủng. chắc sài xong 1 lần rồi bỏ để bảo vệ sức khỏe GĐ.            3  Hàng sơ sài nhìn thấy điện bên trong. ko ăn toàn cho lắm. Hơi thất vọng về sp
2,ấm thì  móp  .đế thì  mỏng  dính
2,ấm mỏng với lại cái dây cắm nhỏ tý ạh.
2,giao hàng nhanh nhưng khi sử dụng công tắc bị nhảy liên tục. mình phải tốn thêm 30k để thay sau lần sử dụng đầu tiên. các bạn nên cân nhắc
2,ấm không nấu được. bật lên nó bị nhảy ngược lại.
2,hàng k xài đc
2,sp chất lượng
2,ấm bị hư nút ngắt tự độngsài rất hao điện
2,Giao k đúng hàng. Không đúng mẫu mã. Hàng bị đế điện và ấm hở. Không biết xài được bao lâu. Nói chung không hài lòng.
2,bể hư đủ thứ phải đem đi sửa
2,bình bị bể nhựa bên ngoài
2,sản phẩm quá tệ mua về không xài được luôn
2,mới dùng có hơn tuần lễ mà đã hư rồi không vô điện.
2,Tôi  vô cùng thất vọng khi nhận được hàng Đế bình mỏng manh   thớt đế thì còn tệ vô cùng tệ  Sử dụng bằng điện mà quá mong manh rất nguy hiểm   ai muốn mua thì hãy cân nhắc nhé
2,sản phẩm k đạt tiêu chuẩn nắp bình bị bể
2,hàng bị hỏng. lỗi . rớt nắp ra khỏi bình
2,Thất vọng thực sự  Hôm nay ngày 14 10 tôi đã nhận được đơn hàng sau bao ngày trong ngóng và lúc 17h30 khi man về text sau 5 phút 10 phút vẫn k thấy ấm có dấu hiệu sôi hau nóng gì mà chỉ thấy báo có đèn
2,mỏng
2,ấm giao bị hở phần đáy ấm. đun lâu sôi. rất tệ
2,giao hàng rất nhanh  nhưng ấm đã bik lỗi ko xài được
2,nhưa mỏng manh hàng như đồ chơi con nit
2,đóng gói vô trách nhiệm . hàng dùng đc đúng 3 hôm
2,giao hàng hư làm ăn cho gì không xài được
2,Hàng bị mốp
2,hàng quá tệ
2,Giao hàng tào lao điện cắm ko vô  nhắn tin shop ko thèm trả lời
2,hàng xài dc vài hôm đã hư
2,mới nhận được hàng mà nấu thử cái nút sôi ko bật làm thất vọng quá shop oi
2,hàng k tốt k nên mua mới mua về mà hư rồi k xài được
2,rất sai lầm khi mua cái ấm siêu tốc này ..mọi người không nên mua .. tôi đã bị lừa 1 chiếc .. cháy đèn mà không sôi nước . không thể sử dụng được... lừa đảo
2,mở hàng bị vỡ lắp dùng bị lỗi
2,Nhìn nhựa nút bấp bị vỡ và chất lượng kém ko thể dùng được.
2,Bán cái cục sắt chứ siêu tốc gì. Cắm có vô điện đâu mà nấu
2,Mua về bình bị chảy nước làm sao đổi đây cho 1sao
2,mới Sài đc mấy ngày đã bị hư rồi
2,âm quá tệ.chay nước ra ngoài
2,hàng bị hư
2,được
2,Shop ơi đất 2 cái giao 1 vậy Tín tiền 2 cái rồi thì sao rồi
2,sản phẩm chất lượng rất tệ. Trầy xước tróc sơn nhiều chỗ và không phải là sơn tĩnh điện như shop quảng cáo. Mọi người cân nhắc trước khi mua
2,khong
2,giao hàng không có 2 cái móc làm sao móc dây vào xe được shop có giao thêm 2 cái móc không
2,Không được như rewiew đã mua phải dùng thôi
2,mình mua hàng ngày 8 7  nhưng tem bảo hành là 30 4 có vết xé cắt tem bảo hành luôn !  Nhận được hàng thì bông trốc sơn ra  mình chưa sử dụng nên chưa biết có sd được ko !Hàng của  Mall mà kém chất lượng  mất uy tín với khách hàng quá .
2,đẹp
2,Mới nhận hàng mà thấy đầy hơi nước bên trong cứ như hàng đã qua sử dụng vậy. Mong 1 lời giải thích phù hợp từ shop ạ
2,ko ấn nút nhưng vẫn rỉ nước
2,Нет проверки товара при доставке  Большой минус магазину.  Нагревательная  спираль неровная. Разобрал выпрямил спираль плитка работает. Плитка хорошая.  Không kiểm tra hàng khi giao hàng Một điểm trừ lớn cho cửa hàng.  Cuộn dây đốt nóng không đều.  Tháo rời làm thẳng hình xoắn ốc gạch hoạt động.  Các gạch là tốt.
2,Đóng gói cẩn thận  giao nhanh  nhưng sản phẩm ko giống như hình
2,Xài quá dở nấu được hơn 2 tiếng thì hư luôn. Đúng là đồ dỏm shop nên xem lại nhé ttttttttttttttttttttttttttttttttttttttttttttttttttttttttttttttttttttttttttttttttttttttttttttttttttttttttttttttttttttttttttttttttttttttttttttttttttttttttttttttttttttttttttttttetetetetetetetetetetetetteteteteteteteteteteteteteteteteteteteteteyetetetetettetetetetetetetetetetetetetetetetetetetetetetet
2,bếp k ăn điện k sử dụng đc mà e lại nt cho shop k đc  shop xử lý dùm e
2,Như đồ chơi .. Tốt hơn là kg mua
2,cái nắp bị bể cái bình bị móp.
3,Đặt hàng từ 9 2 mà đến tận 23 2 mới nhận được hàng. Giao quá chạm luôn. Hàng nhận được không đúng mẫu mình đặt dùng không biết có bị vấn đề gì không.
3,Mua 2 cái sài 10ph hư 1 cái. Không biết cái còn lại sử dụng được bao lâu. Cả 2 dây nguồn đều quá ngắn chỉ khoảng 15cm chứ không dài như hinh. Các bạn cân nhắc khi mua nhé.
3,Nhìn Ảnh tưởng dây dài hóa ra ngắn quá
3,vô điện nước không nóng đổi lại khác dùm
3,vô điện nước không nóng đổi lại khác dùm
3,bình mỏng vỏ khồn cách nhiệt rất nóng không phù hợp cho gia đình có bé nhỏ nguy hiểm nắp mỏng gia nhiệt cũng nhanh hàng xài tạm
3,Tại sao đáy bình chông chênh quá !
3,Đã xài qua mấy cái rồi nên mình biết ấm siêu tốc này khá rành. Lần này lựa mua loại tốt của shop mà thấy không vừa ý lắm. Loại tốt mà vậy không biết loại rẻ tiền sẽ như thế nào nữa   . Thôi thì chấp nhận tiền nào của đó vậy.
3,giá tiền này thì phải chịu ròi . hàng hơi mỏng và lỏng lẻo  vừa nhận hàng mở ra thì bị móp vs hở đích
3,đóng gói sơ sài hàng bị biến dạng
3,Giao ấm móp hết 2 mặt đều thế nấu lâu sôi còn chất lượng thì xài được lâu không chưa biết chán ghê
3,sp không giống như quảng cáo shop ghì là Thái Lan  nhưng thật ra là Thái Lam shop trả lời không trung thực dây điện dài có 60cm  mà shop lại trả lời mình dây điện dài 1m !!
3,ấm gì mà chưa sôi đã bật nút. quá tệ.
3,ấm tạm ổn so với giá.
3,nút bị lờn bấm nấu k được
3,đã sử dụng và dùng được. không biết sử dụng lâu dài có bị làm sao không. Tạm thời chấp nhận được
3,bình ko ăn điện  nắp lỏng lẻo
3,Hàng ko giong trong hình
3,spham như hìnhtuy nhiên bị lỗi phần đế và đã được shop tư vấn đổi lại hoặc sẽ bảo hành sau khi sài thời gian mới biết được nạ.thanks shop
3,Sp dung ok gia ca hộp lý
3,ấm bị móp rồi ...đun thì cũng ổn
3,tốt theo giá tiền. sử dụng thời gian mới biết
3,Hàng Xài cũng được giá này phù hợp . Dây cắm ngắn quá
3,Mua lần 3 rồi mà lần hơi thất vọng hàng bị vỡ nắp
3,Cả bình và đế nấu mỏng manh
3,tạm  hàng bị móp méo bên trong nhưng sài đc
3,siêu tốc quá tệ luôn nha shop
3,Bình đựng tốt mà rẻ Sài rất là OK mọi người nên ủng. hộ nhé cho 5       cộng
3,hàng giao lâushop trả lời không nhiệt tìnhchưa xài nên chưa biết có bền không nhưng với giá này cũng được..
3,đế bị bể
3,ổn
3,ii
3,Bad contact at the base works fine with the base of another kettle
3,Instead of black kettle I ve recieved pink one
3,Dây điện nhỏ  đun bị nóng dây rất sợ cháy nổ
3,mua vê sài kh0ng đu0c . m0mg chằn s0p nay laiAn toàn khi chạm vào khi nóng
3,Bình nhựa không phải thủy tinh.
3,Tốt và đẹp
3,Không phải thủy tinh
3,Shop xem lại về mối hàn cái móc đỡ nhé. Bị rơi ra trong quá trình vc. Vậy đề nghị shop xử lý
3,Bàn tróc sơn
3,Giao hàng nhanh test thấy ghế khá chắc tuy nhiên bàn bị rung rinh khi kê trên mặt phẳng. Mức độ hoàn thiện mối hàn chưa tốt vẫn còn nhiều chỗ thô sắc nên mua về phải chà lại cho đỡ nguy hiểm vải may để lại phần sợi tua khá nhiều. Gói hàng k kĩ khi chỉ bọc lớp ni lông bên ngoài. Bàn bị xước nhiều chỗ.  Còn độ bền thì phải dùng mới biết được.
3,Bàn ghế trầu xước nhiều 1 số cái còn bị bóp
3,ban nhe quachan ban gap ghenhnen de ly so do
3,Vận chuyển kém để rách bao bì làm trầy xước sp sp còn trầy xước và hơi cũ
3,Giá săn siêu 170 cành nhưng khá tệ so với bàn ủi khô philips hd1172  nhà đang dùng cái này . Bàn ủi này nước bắn từ phía trước không phải bắn từ đáy mặt đế ủi bị rít  quảng cáo có chống dính nhưng có như không  cầm không nặng tay đầu mũi khó len vào các kẽ. Nói chung chỉ vì giá thôi nên bàn ủi philips hd1172 ngon hơn nhiều  giá xêm xêm bàn ủi này   bình xịt nước vài nghìn là ngon hơn con Sunhouse này nhiều.  Không phải tự nhiên mà philips được chuộng hơn À.  Chỗ bảo hành shop cũng trả lời không rõ ràng
3,nước ra nhiều
3,đổ nước vào bị chảy
3,Shpp giao cái bàn ủi gì mà như đòi cũ xài rồi . trày xuoc cỹ kỹ như đã xài đã rồi đem giao cho khách .
3,Cắm điện không lên vui lòng nhắn tin hoặc gọi mình 0946119048 vì mình ko nhắn tin cho bạn được
3,Sản phẩm phù hợp giá   đã sale. Hướng dẫn ghi cắm điện sẽ sáng đèn nhưng chờ mãi không sáng tưởng hư rồi hóa ra là vặn lên có nhiệt độ nó sẽ sáng đủ độ nóng nó tắt. Mặt chống dính khá mỏng. Mới ủi thử thấy nhỏ nước tong tong là có thật mở lên chế độ ủi nước mà không max nóng thì khi dựng bàn ủi lên nó chảy ra thì phải. Hướng dẫn không ghi cách   chỗ để châm nước vào bàn ủi tự tìm. Phần HDSD bao gồm hình ảnh chỉ có thông tin 2 mặt giấy A5 và 1 trang A5 là bìa.
3,Độ nóng rất yếu mặt bàn ủi khi ủi rất rít vì là hàng rẻ tiền
3,hàng đúng như hình nhưng chưa sử dụng nên chưa có đánh giá.nhân viên giao hàng nhiệt tình..
3,Tính năng  ủi khô  ủi hơi nước  Chất lượng  tạm  Tiền nào của đó nhanh nóng và cũng nóng cả phần nhựa bên dưới khi nóng có mùi khét nhựa. Nhựa có vẻ hơi dỏm. Mặt bàn ủi trầy xước. 196k thì vậy thôi không ưng ý lắm. Bạn muốn chất lượng và an toàn 1 chút thì không nên dùng loại này nguy hiểm và rủi ro cao!
3,Bàn là xước như sử dụng rồi nước nhỏ giọt dù không ấn hơi thất vọng
3,cách nước phun ra không ổn định
3,nhiệt độ tối đa không nóng lắm khó ủi vải dày.
3,Bàn là kì cục lắm cứ hay bị rò rỉ nước rất nhiều khi là. Mọi  người cân nhắc khi đặt mua sản phẩm.
3,đặt 2 giao 1tính tiền 2k có bao nhiêuđợi bên bán hàng xử lí thì lâuthất vọng
3,Bán hàng k có tâmđóng gói thì thiếu hàng của khách khi khách phản hồi thì ok này nọ đợi cả tháng nt lại thì bảo mua đồ bên shop tiếp đi shop gửi luôn đồ đã thiếu bán hàng vậy dẹp mẹ đi chứ bán chi
3,đặt 2 giao 1tính tiền 2k có bao nhiêuđợi bên bán hàng xử lí thì lâuthất vọng
3,Bán hàng k có tâmđóng gói thì thiếu hàng của khách khi khách phản hồi thì ok này nọ đợi cả tháng nt lại thì bảo mua đồ bên shop tiếp đi shop gửi luôn đồ đã thiếu bán hàng vậy dẹp mẹ đi chứ bán chi
3,Giây quá ngắn phích lệt ổ phải cắt làm lại
3,Doesn t work properly but what I was expecting for this price? It stops working in the middle
3,chưa sử dụng nên không biết nó bền không nhưng hàng khá là OK nhanh nóng
3,Bếp chạy tốt nhưng bề mặt không phẳng đặt nồi bị kênh nghiêng.
3,hàng tê nóng đk một tí ui tắt
3,dây điện quá ngắn
3,Mới mua hôm qua nên k biết có vấn đề gì k nhưng ảnh quảng cáo màu vàng mà về thành màu đỏ rất là quê. Quảng cáo mặt kính chịu nhiệt 760 độ nhưng vỏ hộp ghi luôn là hơn 600 độ thôi nhé. Quảng cáo chưa đúng sự thật. Vừa mua xong thì thấy elmich sale rẻ hơn hình thức đẹp hơn cs 2100 mà quà tặng xịn xò. Tiếc vì vừa đặt bên này xong. Mong là chính sách bảo hành ổn tí cho đỡ tiếc
3,Giao hàng nhanh. nấu thử được. nồi tặng kèm rất mỏng. tiếng bếp kêu rè rè rất to. nhắn tin cho shop nhưng mãi không thấy phản hồi. đọc được thì phản hồi giúp mình.
3,mới đầu thì nhìn ổn. nhưng quạt kêu to ạ
3,bếp thì ok  hơi dày chút  đèn led nhìn chưa xịn lắm. Sôi nhanh  giá tiền như thế là hợp lý  tuy nhiên nồi đi kèm bên trong khá mỏng và đểu  hai tay cầm bị rơi mất phần inox kèm theo.
3,Thời gian giao hàng nhanh Đóng gói sản phẩm chắc chắn Săn sale giá rẻ  Đóng gói   bị bẹp nồi
3,vận chuyển móp méo Đun sôi nhanh để có nước nóng nhanh chóng Dung tích lớn 2L cho nhiều lần phục vụ
3,Ưu điểm  Bình đầy đun sôi khoảng 8 10  sôi tự ngắt điện  Giá hợp lý. Nhược điểm  Vỏ inox mỏng phần nhựa kém đun nước sôi có mùi nhựa  Dây ngắn 60cm dây bị nóng.
3,Đóng gói   bị bể nhỏ nhưng giao hàng nhanh và sp tốt
3,Ấm tiếp xúc không cân bằng với đế. để vào cứ lắc lư. Tình trạng này là sản phẩm lỗi hay sao vậy shop. có ai dùng rồi cho xin ý kiến.
3,Ấm đun khá ồn không như mong đợi. Các loại ấm trong tầm giá có khả năng tốt hơn. Vỏ bình một lớp dể bị bỏng nên lỡ chạm vào. Thiết kế và chức năng khá lỗi thời.
3,Không xứng đáng với số tiền bỏ ra. Là áo mà ướt cả áo độ làm phẳng kém k phẳng nổi áo sơ mi mỏng. Không nên mua
3,cầm mỏi tay mà sau khi ủi cũng chả thẳng gì lúc đầu mua vì nghĩ cầm tay tiện lợi nhưng thật sự rất bất lợi và phí tiền chán chả buồn nói
3,Hàng chính hãng Lock And Lock thì tốt rồi Gia đình dùng Lock And Lock khá là nhiều Mua về để đó chưa khui nhưng hôm nay phát hiện ra giá dã mua chưa phải tốt nhất  Buồn lâu dài hơn 3xx đã hoang phí mất rồi
3,máy xài tạm ổn đối với vải mỏng thì nhanh thẳng còn vải dày ủi rất lâu nước nhanh hết phải châm liên tục. Máy nặng cầm rất mỏi tay
3,ghi có tặng bình giữ nhiệt nhưng khi giao thì không có. hơi thất vọng
3,Bị bỏng tay nên chưa hài lòng lắm. Bắn nước tung toé
3,hang tốt nhưng ủi không thẳng hoàn toàn những chỗ kẹt rất khó ủi thẳng. hơi nặng dễ mỏi tay
3,Có ai bị nhưng mình ko ạ. Mình bấm nút nguồn đợi 1 hồi mặt bàn ủi nóng vừa ủi ko thẳng mình bấm nút hơi nước thì ủi thẳng hơn đc xíu nhưng mới ủi được 1 mặt áo sơ mi là máy tự động tắt nguồn ạ máy cực nóng hic hic
3,dây hơi quá ngắn
3,1. Shop bọc hàng rất cẩn thận 2. Sản phẩm đúng mô tả 3. Khi là mọi người lưu ý nên dùng găng tay đi kèm sản phẩm hãng và tránh xa trẻ nhỏ. Lý do  hơi nước rất mạnh và rất nóng mình đã bị bỏng nhẹ. khi là đứng với sản phẩm áo cotton nhăn mãi mới phẳng dc. Còn mình là váy to thì và các loại vải khác thì ko vấn đề gì
3,Dùng mà nước cứ bị tràn ra ngoài quá nhiều
3,Đồ không đẹp như hình. Chưa dùng thử. Sẽ feedback chất lượng sau. Lắp ráp tầm 5 10 phút. Lên TikTok search cách lắp ráp. Bị dư 1 miếng nhựa k biết lắp vào đâu vì model trên mạng có thêm 1 đế nên miếng nhựa dư k biết lắp vào đâu.
3,Tạm được nhưng chưa hài lòng lắm.
3,Eo ôi thực sự đấy giao hàng quá quá là lâu luôn đi nhắn tin giục gửi hàng thì lúc nào cũng trả lời lại tin nhắn kiểu tự động là đã gói hàng chả muốn hiểu. Lúc cần dùng nhất thì ko có mà dùng lúc ko cần nữa thì giao tớichịu.
3,Tính năng  ủi khô  ủi hơi nước  Chất lượng  tạm  Tiền nào của đó nhanh nóng và cũng nóng cả phần nhựa bên dưới khi nóng có mùi khét nhựa. Nhựa có vẻ hơi dỏm. Mặt bàn ủi trầy xước. 196k thì vậy thôi không ưng ý lắm. Bạn muốn chất lượng và an toàn 1 chút thì không nên dùng loại này nguy hiểm và rủi ro cao!
3,Ủa sao bang ủi mới mà có sẵn nước vậy kìa
3,Cắm điện không lên vui lòng nhắn tin hoặc gọi mình 0946119048 vì mình ko nhắn tin cho bạn được
3,Sản phẩm phù hợp giá   đã sale. Hướng dẫn ghi cắm điện sẽ sáng đèn nhưng chờ mãi không sáng tưởng hư rồi hóa ra là vặn lên có nhiệt độ nó sẽ sáng đủ độ nóng nó tắt. Mặt chống dính khá mỏng. Mới ủi thử thấy nhỏ nước tong tong là có thật mở lên chế độ ủi nước mà không max nóng thì khi dựng bàn ủi lên nó chảy ra thì phải. Hướng dẫn không ghi cách   chỗ để châm nước vào bàn ủi tự tìm. Phần HDSD bao gồm hình ảnh chỉ có thông tin 2 mặt giấy A5 và 1 trang A5 là bìa.
3,It automatically turns off even it s that hot. Not bad for the proce though.
3,Bàn là ít lỗ thoát khí chỉ có 6 lỗ nước bị chảy rỉ rất nhiều là nóng không đều dễ dính cháy quần áo. Không nên mua mang bực vào người.
3,Bàn là xước như sử dụng rồi nước nhỏ giọt dù không ấn hơi thất vọng
3,đổ nước vào bị chảy
4,Tui mua cũng nhiều rồi Nguồn chạy ok mà chuyến này dây đầu vô và đầu ra quá ngắn.
4,cục sạc bự nhưng chân xéo ko giống ổ cắm ở vn . làm tốn thêm cái ổ cắm 3 lổ nối vô
4,Sản phẩm đúng mô tả chất lượng ... testing
4,dây ngắn.chưa dùng lên chưa biết chạy ổn ko
4,hàng đúng như miêu tả!
4,Giao hàng chậm quá
4,dây ngắn ngủn
4,giá rẻ xài được.
4,săn đc giá rẻ nên cũng ko mong đợi gì nhiều. tiền nào của nấy thui. sản phẩm ko chắc chắn. lỏng lẻo. ko biết dùng được bao lâu.
4,với giá này thì ok
4,hàng hóa giao OK sài thử cũng tạm chưa biết lâu hay màu nhưng cũng tạm ổn .dù sao cũng hài lòng shop.
4,Ấm dùng đc 1 tuần thì công tắc bật để nấu bấm xuống k dc nó cứ trả lại k bật nên nếu muốn nấu phải  dùng tay giữ nút bật và chờ nấu sôi. Shop cho hỏi có bảo hành hay đổi trả gì dc k?
4,Hàng giao nhanh. Chất lượng. Đun ok. Nhưng có điều là đóng gói không kĩ Hộp thì rách. nhưng cũng thông cảm
4,ấm đun nhanh giá rẻ chất lượng còn chờ thời gian trả lời giao hàng lâu   do dịch COVID . tạm thời đánh giá 4 sao trong tầm giá.
4,ấm đun nhanh sôi có điều dây cắm quá ngắn shop gói hàng hơi lỏng lẻo chưa được cẩn thận lắm. mình chỉ đánh giá được 4 sao thôi
4,thấy hoạt động được nhưng mỏng manh quá tiền nào của nấy mag độ bền thì dùng mới biết. nhà bán hàng giao đúng hàng
4,Đã nhận hàng đầy đủ y như hìnhgiao hàng rất nhanh nhưng đóng gối khg được cẩn thận.Ấm siêu tốc mà gối như thế nầy là chưa đạt tiêu chuẩn nhé shopmai mà khg bị hư.Đã thử hàng rất ưng ý nhưng độ bền chưa biết phải chờ thêm tg.Tạm bớt lại 1 sao...4
4,rẻ mà tốt. rất ok .sẽ ủng hộ shop
4,sản phẩm tốt
4,hàng như hìnhchất luong chua biết ra sao
4,OK xài dc
4,ok hang dat chat lượng giao hang dung nhay
4,Đã nhận hanhg shop đóng gói cẩn thận! Tuy nhiên độ bền thì chưa chắc vì ấm nhẹ lắm!
4,dây dẫn điện quá ngắn. khi đun những lần đầu có mùi khét.
4,đang chờ shop bảo hành
4,Dây ngắn wá
4,Tốt
4,Giao hàng nhanh  độ bền thì để xem lâu không   đặt hàng màu hồng mà giao màu xanh  nói chung tạm ổn
4,Đạt yêu cầu .
4,ấm giá như vậy là ok rồi
4,giao hàng nhanh mà bình bị lỗi không nóng cần đổi hàng sao giờ shop ơi.
4,Tốt
4,vừa tầm giá
4,lazada là một thương hiệu lừa đảo tôi có mua một máy xay thịt vừa mua về xay thử thì bị hư tôi có báo để trả hàng hẹn hoài không chịu lấy hàng về khi đăng bán thì bảo được trả hàng trong vòng 7ngày cuối cùng trốn bỏ trách nhiệm và cướp tiền của dânbà con hãy cùng nhau tẩy chay lazada và đừng để chúng lừa đảo cướp tiền của dân lao động nữa rất nhiều bà con đã bị nhưng không biết đường lên tiếng và kiện như thế nào
4,Đóng gói không tốt ấm móp méo hai bên đun được
4,Dây hơi ngắn
4,giao hàng nhanh mẫu đẹp tuy nhiên hơi lỏng đun nước lâu sôi tiền nào của nấy k đòi hỏi gì thêm
4,Sp nấu nước lên bị hôi nhựa
4,Đun được nhưng sản phẩm có vẻ mỏng manh. Không biết độ bền thế nào.
4,cf
4,Ok  hàng tương đối ổn trong tầm giá nắp đậy hơi sộc sệt 1 chút..
4,nhìn thấy ko ổn lắm để sài xem sau có ổn ko sẽ đánh giá sau.
4,hàng Trrung Quốc nhé
4,tam
4,chưa sử dụng
4,đúng sp trầy liti có 1 vệt hơi to rõ. giá hơi đắt so vs chất lượng chút tính mua thêm bộ bàn tròn vs ghế mà gặp v khiến phải suy nghĩ lại
4,Tính năng gấp tiện lợi ok
4,Bàn giao tới trầy xước nhiều mặt bàn lỗi sơn sơn ko đều và mịn
4,Bàn okie lắm giao hàng nhanh. Chỉ có điều shop gói hàng sao mà lúc nhận được thì bị xước sơn 2 góc rất rõ quá buồn nên rate 4 sao thôi. Mình đang lấy màu nước tô lên nhưng vẫn ko che được chắc phải kím nhọ nồi ra bôi lên quá
4,bàn hơi chông chênh. shop lưu ý gia cố tốt hơn nhe
4,bàn đẹp. chắc chắn. nên mua nha
4,Hàng ok! Nhưng chân còn gập ghềnh
4,Giao đúng màu đúng mẫu mẫu bàn này chân bị kênh phải kê thêm 1 góc mới bằng. Bàn đẹp
4,bàn màu đẹp duf đã dặn trước nhưng shop ko kiểm hàng cẩn thận trước khi giao mặt bàn bị 2 vết tróc sơn và bị cong vênh có thể do đóng gói. Lười nên ko đổi. Trừ sốp 1sao
4,Đế chống dính bị bong tróc 1 vài chổ tạm ổn
4,Ủa sao bang ủi mới mà có sẵn nước vậy kìa
4,Shop đóng gói _ giao hàng cẩn thận.  Không có gì phải phàn nàn gì cả.  Sản phẩm chất lượng chấp nhận được...  Sản phẩm chấp nhận được.
4,Sp đẹp  Time giao hàng nhanh Đúng in bản sp đặt
4,qwẻtyúioplkhgdazxcvbnmpoiuytrewq
4,Hàng đúng như quảng cáo rất ưng ý
4,giao hàng nhanh mà bàn ủi bị chầy xước hàng ghẻ ko ok lấm
4,Ban ui chap chon quá ủi bị rít
4,Híc bàn ủi nóng cũng khá ok. Vừa test thử cháy hết 1c áo. Huhu..
4,Hàng dùng được nha mn . Dùng thỉnh thoảng hay rò ít nước nhưng cơ bản là đáng tiền. Máy nóng đều
4,bàn ủi y hình   bị lỗi 1 xíu nhưng có thể chấp nhận được   xài phun hơi bị động nước không biết có phải fufng sai cách hay bị lỗi .. hình ảnh mang tính chất nhận xu.
4,Hàng giùng được
4,M cũng chưa quen sử dụng đèn lúc sáng lúc tắt n nc dùng cũng ok ...
4,Nhập 50 ký tự nhận 500 xuizzzjjdjebsjwjwbsjwjsbsnksnsbsbsnsnsnsbsbsbsbbsnssbsb
4,nóng nhanh nhưng nước chảy ra ngoài nhiều quá . độ bền thì chưa biết thế nào
4,bàn là chảy nước nhiều quá
4,hàng đóng gói kỹ . sử dụng cũng ok nhanh nóng .độ bền chờ thời gian mới biết được chế độ bảo hành chắc bảo hành bằng điện tử
4,Chất lượng   tiền nào của nấy
4,Sản phẩm như hình chất lượng tốt nhưng mà cái ly dựng nước bị vỡ với lại đổ nước vào nếu để không đúng tư thế nó sẽ bị chảy nước ra ngoài  sản phẩm OK nên mua
4,Bị nhỏ nước và ủi cũng ko quá phẳng nha giá đó nên chắc đuuoc vây
4,mới nhận xong chưa thể cảm nhận sản phẩm dùng có ok ko nhưng nhìn bên ngoài thì thấy được mặc dù mặt bàn ủi có vết xước
4,Nếu là đồ chính hãng thì chắc tốt chưa thử nên chưa biết như nào.
4,giao hàng kg đúng sản phẩm
4,hàng thì y hình đócòn sử dụng ra sao thì chưa biết
4,bếp hơi bị lệch ở 1 chân và đế kê vòng điện để nồi lên sợ nghiêng đổ . hơ lá trầu thì ok.
4,Bếp mỏng manh quá cắm điện vô hơi sợ
4,hàng giống hình chưa sử dụng nên chưa biết
4,hàng nhìn OK.nk mà chưa nấu thử nên chưa biết như nào.co j quay lại đánh giá sau
4,tạm được
4,Đun 15 lít mất its nhất 7phút với chế độ max cũng ko nhanh lắm bếp kêu to lắm luôn lúc nước sôi kêu to hơn nhiều nữa. Nhìn chung mua với giá sale vậy chắc ổn mình lần đầu xài bếp điện cũng ko biết so sánh thế nào
4,Công suất nấu mạnh mẽ 2000W Khóa an toàn cho trẻ em Giao hàng nhanh chóng và đáng tin cậy
4,Hnay có thể đi làm gì đó là một mình đi ăn đi em gửi báo cáo đầu ca ạ tiếu lâm hội tập trung vào việc học tập của chị đó hỏi chi tiết của chị là
4,giao hàng 1 tuần mới nhận được. hàng nhận về cũng tạm được. bếp kêu to.nồi tặng quá chán.tuy hàng tặng nhưng cũng nên tặng cái gì để người ta dùng được.nhỏ thôi cũng ko sao.m tưởng tượng bê cái nồi lẩu nó lên rụng 2 cái quay thì chắc nhịn ăn quá
4,Giao hàng nhanh chưa sử dụng nên chưa biết có tốt không nhưng nồi thì bị méo mó bằng 1 đốt ngón tay.
4,Bếp dùng ok đun nhanh cảm ứng nhạy. Vận chuyển rất nhanh hôm trc đặt hôm sau nhận hàng liền. Nhưng nồi tặng mỏng và hơi móp. Tay cầm có phần inox bảo vệ bị rơi ra ngoài. 4 sao
4,ok
4,bếp điện từ sunhouse này quạt làm mát bếp kiêu lớn quá  nghe như xe tăng. còn về chất lượng và bền  thì chưa thể biết được. từ 1 sao vì cánh quạt kiêu to quá... Còn về quà tặng cái nồi lẩu thì mỏng quá. cái nồi làm bằng sắt trắng
4,Bếp điện từ nhận về khá đẹp mình chưa nấu thử nhưng rất tin tưởng hàng của Sunhouse nồi lẩu tặng kèm hơi mỏng đáy nên đã có 1 vết lồi ở dưới đây
4,Đã nhận đủ hàng đúng như pc OK Đã Tết thử OK Bền thì phải có thời gian
4,Bếp đẹp nhưng kêu khá to  nồi mỏng bị móp méo chắc do quá trình vận chuyển
4,bếp đời cũ  khá dày  xoong tặng kèm mỏng chăm sóc khách hàng tốt
4,Shop giao hàng nhanh đóng gói đẹp chắc chắn.
4,shop giao hàng nhanh đóng gói đẹp chắc chắn.
4,đóng gói chắc chắn. Hằng tặng kèm bị móp méo. SP cần thời gian xài để kiểm chứng
4,bếp xài ổn kêu ko được êm. bếp hơi dày không được mỏng đẹp như cái lần trước mình xài.
4,Quạt bếp kêu to quá
5,lựa đao mua 2 cái trả tiền trước giao có 1 cái sop này lừa đảo có 132.000ma cũng lừa mất dạy cầu cho may lãnh hậu quả nhe
5,bàn ok chắc chắn và đẹp
5,Bàn cứng cáp mặt bàn hơi nhỏ. Phù hợp cfe trà chanh
5,giao hàng rất nhanh đặt hôm qua hôm nay có nhưng không đúng như mong đợi ủi cái đầu không sao cái  thứ hay là chảy nước không phải chạy ít mà chạy nhiều hơn là đằng khác
5,Hỏi hướng dẫn sửa dụng mấy ngày mà k tl. Vất xó từ lúc mua về
5,bt
5,Không nên mua dùng rất chán tiền nào của đấy
5,Nước chảy tồ tồ ướt mẹ cái áo mới bắt đầu ngờ ngợ biết dùng thốn vcđ mà khs nay 15 11 mà thời gian bảo hành lại ghi 10 10
5,bàn ủi giống quảng cáo chưa sd chưa biết nhưng có đều nhìn thấy dưới đáy bàn ủi phần đuôi bị lỗi ko phẳng kiểu như có bị sần lên ák nhưng thôi kệ miễn sd đc là ok
5,tam ổn
5,Bt
5,Lúc ủi thấy hơi rít
5,hàng đẹp. giao hàng nhanh
5,bàn là sd tốt mỗi tội nước hay bị chảy ra ngoài
5,sp đẹp nhỏ gọn. nhiệt độ và hơi phun yếu.
5,Bàn ủi được đóng gói kỹ càng nhiều lớp nên tới tay không bị hư hỏng bàn ủi gọn và khá nhẹ thích hợp mang đi du lịch công suất cũng tàm tạm nên mặt ủi không được nóng lắm
5,hàng  rất tốt đẹp giao nhanh
5,Chưa sử dụng nên mình sẽ đánh giá lại sau một thời gian trải nghiệm sản phẩm Giao hàng nhanh chóng. đóng gói cẩn thân Hy vọng đây sẽ là một sản phẩm tốt.
5,hàng Trung Quốc mà cũng ok rất tốt đẹp chắc chắn lại có hơi nước nữa để dùng thời gian xem sao mua thêm cái nữa
5,shop giao hàng nhanh bàn là dúng khá tốt là phẳng quần áo khá nhanh chỉ hơi bị rỉ nước khi mới đổ nước vào thôi
5,sp tốt cầm nhẹ tay nhưng khá chắc chắn hơi nước phun ra rất nhiều và mạnh    đặc biệt phải ĐỌC KĨ HDSD TRƯỚC KHI DÙNG tránh việc rỉ nước như 1 số bạn kia đánh giá nhé
5,Đã nhận được hàng giao hàng nhanh gói hàng cẩn thận nhân viên giao hàng vui vẻ mua dùm nên không có hình
5,Dễ sd giao hàng nhanh
5,là khá tốt nhưng dminhf vẫn thấy rò nước ở đâu á. k quen lắm nhưng là cứ sợ bị cháy trước hết thấy ik
5,Nóng khá nhanh .. dùng hơi nước thì nên chú ý nút bấm kẻo ướt quần áo . giao hàng nhanh
5,Sản phẩm đẹp
5,tốt
5,shop giao hàng nhanh và đóng gói kỹ shipper thân thiện và vui vẻ hình ảnh chỉ mang tính chất nhận xu
5,Bà ngủ sử dụng ổn nói chung là mình rất hài lòng khi mua sản phẩm với giá như thế. Hi vọng bền nữa thì càng tốt
5,ok lam nha rẻ mà tiện nửa
5,Tốt  đáng đồng tiền bát gạo nên mua nhé 500 anh em
5,bàn ủi hơi nước sử dụng rất tốt Hàng chính hãng nên cũng yên tâm
5,giao hàng nhanh chóng thiết kế đẹp gọn nhẹ giống như mô tả có hướng dẫn dễ sử dụng
5,ok hết
5,tốt. hơi nhỏ bằng với bàn ủi thường không nước
5,Hơi nhẹ nhưng là khá ok! Hơi nước phun cũng ổn! Giao hàng rất nhanh!
5,máy đẹp chắc chắn. nóng nhanhlà tốt độ bền thì chưa đánh giá. đóng gói cẩn thận giao hàng nhanh
5,Sản phẩm tuyệt vời nhỏ gọn dễ dàng mang đi du lịch rất tiện lợi sunhouse đóng gói sp bao chắc kỹ lun nha
5,chưa sử dụng nên chưa biết về chất lượng. khi nào sử dụng rồi sẽ quay lại đánh giá
5,hoàn hảo. tuyêtj vời. như qc giá rẻ. đóng gói cẩn thận.5      cho sp của shop
5,Tính năng tốt trong tầm giá  Chất lượng tốt
5,ok giống miêu tả
5,chưa sai hok biết có ben hok cho shop 5sao
5,Ok la lalal
5,đung hình ảnh tốt ạ
5,Bàn ủi đẹp mad mình k bjk sử dụng nên ủi cháy kkkk nhưng không sao cháy r tự khô bonh ra bàn ũi vẫn tốt
5,Giao hàng đúng thời hạn nhỏ gọn xinh xinh vừa mua về cái đi ủi hết tủ đồ rất ok nha
5,Tính năng  Chất lượng  Đóng gói
5,Cũng may biết đến shop này bán hàng chất lượng giá còn tốt nữa chứ mấy shop kia thì mình không biết sao nhưng giá lại vô cùng cao nên cũng khá quan ngại
5,Hinh ảnh chỉ mang tính chất nhận xu Dùng ok Dong goi san pham rat dep va chac chan  Thoi gian giao hang rat nhanh
5,sản phẩm giao nhanh đóng gối quá tốtbao bọc quá kỹ nên mở ra hơi cực luôn vì vậy sản phẩm quá ok
5,отличный утюг
5,hàng đẹp chất lượng tốt nhất giao hàng nhanh chóng bé rất thích
5,Chức năng phun nước thông minh Nhanh chóng và mạnh mẽ Giá trị tuyệt vời cho tiền bạc Chế độ hơi đa dạng
5,chất lượng tốt mình tìm hiểu kỹ nên mới chọn lựa  cảm ơn shop
5,giao hàng nhanhđóng gói cẩn thận cần thời gian kiểm chứng nên chưa biết tốt xấu ra sao....
5,hàng ok
5,Oke dùng đueojc như bàn là thường và chế dfooj hơi nước
5,Chức năng phun nước thông minh Dễ sử dụng và điều khiển Phù hợp với mọi loại vải
5,Sản phẩm tốt Sài ok nha
5,hàng ok nhé mọi người. lúc mới về không biết sử dụng. xong giờ biết r.
5,Good
5,Bền và đáng tin cậy Chế độ hơi đa dạng Phù hợp với mọi loại vải Tiện lợi và hiệu quả Loại bỏ nếp nhăn hiệu quả Dễ sử dụng và điều khiển
5,Đã nhận được hàng. Hàng giao nhanh đẹp như mô tả. Chưa dùng thử nên chưa biết thế nào. Cám ơn shop
5,ok  ổn áp đúng hàng sunhous
5,đang sd
5,giao nhanh hàng chính hãng có bảo hành như mua ở ngoài . okokl
5,Hàng chất lượng có chống dính quá oke
5,lần đầu tiên sử dụng còn hơi lúng túng mẫu mã đẹp
5,sử dụng ok
5,Tổng quan thấy ổn nha mn có thể mua về xài thử không chênh với bàn là khô là bao nhiêu
5,chất lượng tốt. giao hàng nhanh. cảm ơn shop ạ
5,trong suốt nên nhìn khá bắt mắt được tặng nữa nên càng vui mà biết khi nào sử dụng nó
5,hàng nhận được rồi gối rất tốt OK lắm nhưng chưa Sài nên chưa biết
5,Ngỏ hơn so với mình nghĩ tuy nhiên nóng nhanh màu cũng đẹp đóng gói kỹ
5,Sp nặng tay chưa sd
5,Đã nhận được hàng nhưng chưa sử dụng nên chưa biết chất lượng thế nào sau khi dùng thử sẽ nhận xét tiếp
5,ok hàng chuẩn nên mua mọi nguoi ạ sẽ ủng hộ lần sau giao nhanh tốt
5,Đúng với mô tả
5,Máy xài cũng tạm thôi ko êm lắm
5,Hàng chuẩn sunhouse. Tốt đẹp. Sử dụng được hơn tuần. Ủi liên tục thấy bền đẹp.
5,sản phẩm tốt chính hãng giá rẻ nên mua. mẫu mã đẹp cầm đầm tay chắc chắn
5,hướng dẫn sử dụng đọc khó hiểu quá. nếu ai biết dùng thì sẽ dễ hiểu.  cách dùng  đỏ nước vô cắm điện trước vặn cái núm tròn chỉnh nhiệt độ. dủ nhiệt sẽ tự tắt hết nhiệt lại có điện lại.  còn hơi thì đừng mở cái gạt ra   gạt ra là chảy nước đó  . để kịch bên trái sau đó nhấn nút xì hơi là hơi sẽ xì ra.
5,Chức năng phun nước thông minh Loại bỏ nếp nhăn hiệu quả Chế độ hơi đa dạng giao hàng nhanh nhất ok
5,Chưa dùng chưa biết ntn. Hàng giao đủ . Shipper nhiệt tình tuy nhiên hàng giao hơi lâu. De dùng xem có công dụng tốt như gthieu không
5,Giá trị tuyệt vời cho tiền bạc
5,Very light weight so it is portable for travelling. Steam is ok
5,Hàng Việt Nam chất lượng cao cao cao cao cao cao cao cao cao cao...
5,tốt
5,Chất lượng   ok  Tính năng   ủi đồ
5,kg biết cách sdung.cứ bị chảy nước ra ngoài
5,Shiper good Hàng SUNHOUSE thì khỏi chê chính hãng
5,ok giống như hình
5,bàn ủi chất lượng. giá thành tốt. độ bền chờ thêm thời gian để trải nghiệm
5,hơi thất vọng tí vì phần ủi nước hơi bị  khó chịu. Nhưng tầm giá cũng chấp nhận được sjgsjsishjdbdjshjshsuhsjsj
5,bàn ủi rất chát lượng
5,Giao hàng nhanh lắm. Hàng đẹp chất lượng lắm. cám ơn Lazada nhé.
5,shop gói hàng kỹ giao đúng mẫu chưa sử dụng nên chưa biết chất lượng như thế nào
5,Shop giao hàng nhanh đóng gói cẩn thậncó tem đã test sp mình là thử ok nhaa
5,i really love the color and its very handy and useful i tried it and its good
